{
	"schemaVersion": 1,
	"id": "name",
	"version": "${version}",
	"name": "{{name}}",
	"description": "This is an example description! Tell everyone what your mod is about!",
	"authors": [
		"Me!"
	],
	"contact": {
		"homepage": "https://fabricmc.net/",
		"sources": "https://github.com/FabricMC/fabric-example-mod"
	},
	"license": "CC0-1.0",
	"icon": "assets/name/icon.png",
	"environment": "*",
	"entrypoints": {
		"main": [
			"net.modwizard.name"
		],
		"client": [
			"net.modwizard.nameClient"
		]
	},
	"depends": {
		"fabricloader": ">=0.16.14",
		"minecraft": "~1.21.5",
		"java": ">=21",
		"fabric-api": "*"
	},
	"suggests": {
		"another-mod": "*"
	}
}